district,year,deposits,growth_rate_%
BAGERHAT,2018,3259.37,
BAGERHAT,2019,3501.9,7.441008538459903
BAGERHAT,2020,3856.63,10.12964390759301
BAGERHAT,2021,4171.4,8.161788919341495
BAGERHAT,2022,4548.049999999999,9.029342666730589
BAGERHAT,2023,3370.3999999999996,-25.893514803047456
BAGERHAT,2024,1738.37,-48.42244244006646
BAGERHAT Total,2018,10303.89,
BAGERHAT Total,2019,11150.96,8.220875805157068
BAGERHAT Total,2020,12689.989999999998,13.80177132731173
BAGERHAT Total,2021,14015.57,10.445871115737692
BAGERHAT Total,2022,15205.85,8.492555065544959
BAGERHAT Total,2023,10852.04,-28.632467109697913
BAGERHAT Total,2024,5596.17,-48.43209203062282
BANDARBAN,2018,91.63000000000001,
BANDARBAN,2019,99.96,9.090909090909083
BANDARBAN,2020,135.15,35.20408163265307
BANDARBAN,2021,122.13999999999999,-9.626341102478742
BANDARBAN,2022,129.48000000000002,6.009497298182431
BANDARBAN,2023,89.72,-30.707445165276503
BANDARBAN,2024,45.07,-49.765938475256355
BANDARBAN Total,2018,1915.25,
BANDARBAN Total,2019,2126.96,11.05390941130402
BANDARBAN Total,2020,2503.2,17.68909617482226
BANDARBAN Total,2021,2712.6400000000003,8.366890380313219
BANDARBAN Total,2022,3012.38,11.049752270850522
BANDARBAN Total,2023,2190.45,-27.28507027665833
BANDARBAN Total,2024,1099.24,-49.81670433016047
BARGUNA,2018,569.0,
BARGUNA,2019,599.47,5.355008787346227
BARGUNA,2020,651.47,8.674328990608359
BARGUNA,2021,714.32,9.647412774187615
BARGUNA,2022,796.5,11.504647776906696
BARGUNA,2023,557.5699999999999,-29.997489014438173
BARGUNA,2024,278.32,-50.0833976003013
BARGUNA Total,2018,4116.52,
BARGUNA Total,2019,4489.0199999999995,9.048905386102813
BARGUNA Total,2020,5066.02,12.853584969547938
BARGUNA Total,2021,5532.5599999999995,9.209201700743375
BARGUNA Total,2022,6102.860000000001,10.308067151553724
BARGUNA Total,2023,4430.87,-27.396827061410555
BARGUNA Total,2024,2267.68,-48.82088619165085
BARISHAL,2018,550.95,
BARISHAL,2019,631.37,14.596605862600963
BARISHAL,2020,719.5,13.958534615201867
BARISHAL,2021,834.6999999999999,16.011118832522577
BARISHAL,2022,914.55,9.56631124955074
BARISHAL,2023,651.6700000000001,-28.74419113225082
BARISHAL,2024,331.26,-49.1675234397778
BARISHAL Total,2018,24640.06,
BARISHAL Total,2019,27221.29,10.475745594775333
BARISHAL Total,2020,31119.05,14.318792386400482
BARISHAL Total,2021,35411.03,13.792130543830861
BARISHAL Total,2022,38790.75,9.544257820232849
BARISHAL Total,2023,27915.129999999997,-28.036632444590538
BARISHAL Total,2024,14079.66,-49.56262070067379
BHOLA,2018,4073.31,
BHOLA,2019,4503.7,10.566099805809026
BHOLA,2020,5284.2300000000005,17.33086129182673
BHOLA,2021,5638.71,6.708262130906473
BHOLA,2022,5878.84,4.258598154542437
BHOLA,2023,4186.610000000001,-28.785100461995896
BHOLA,2024,2157.14,-48.4752580249892
BHOLA Total,2018,9501.869999999999,
BHOLA Total,2019,10327.95,8.693867628161644
BHOLA Total,2020,11676.33,13.0556402771121
BHOLA Total,2021,12548.689999999999,7.471183154295913
BHOLA Total,2022,13542.77,7.921783070583488
BHOLA Total,2023,9628.09,-28.906050977754184
BHOLA Total,2024,4880.28,-49.312065009778685
BOGURA,2018,899.1700000000001,
BOGURA,2019,992.96,10.430730562629975
BOGURA,2020,1148.44,15.658233967128577
BOGURA,2021,1439.0700000000002,25.30650273414372
BOGURA,2022,1368.0700000000002,-4.933741930552371
BOGURA,2023,992.23,-27.472278465283217
BOGURA,2024,487.39,-50.87933241284783
BOGURA Total,2018,25093.120000000003,
BOGURA Total,2019,28359.84,13.018389104264427
BOGURA Total,2020,32554.22,14.78985777070676
BOGURA Total,2021,36322.270000000004,11.574689855877374
BOGURA Total,2022,38957.119999999995,7.254089570943645
BOGURA Total,2023,27867.059999999998,-28.46735076925604
BOGURA Total,2024,14428.37,-48.224283437147655
BRAHMANBARIA,2018,1982.6000000000001,
BRAHMANBARIA,2019,2299.69,15.993644708968024
BRAHMANBARIA,2020,2710.42,17.860233335797425
BRAHMANBARIA,2021,3106.0,14.594786047918774
BRAHMANBARIA,2022,3290.5299999999997,5.941081777205404
BRAHMANBARIA,2023,2387.84,-27.432966725725027
BRAHMANBARIA,2024,1250.29,-47.639289064593946
BRAHMANBARIA Total,2018,29803.48,
BRAHMANBARIA Total,2019,35204.44,18.121910595675406
BRAHMANBARIA Total,2020,40862.88,16.07308623571344
BRAHMANBARIA Total,2021,45098.58,10.365642362946526
BRAHMANBARIA Total,2022,47022.33,4.265655370967325
BRAHMANBARIA Total,2023,32350.980000000003,-31.200814591705683
BRAHMANBARIA Total,2024,16341.84,-49.48579610262194
CHANDPUR,2018,7713.169999999999,
CHANDPUR,2019,8684.64,12.594951232761641
CHANDPUR,2020,10083.62,16.10867001971299
CHANDPUR,2021,11454.4,13.59412591906477
CHANDPUR,2022,12236.33,6.826459701075582
CHANDPUR,2023,8777.33,-28.268279786504614
CHANDPUR,2024,4438.84,-49.42835691491604
CHANDPUR Total,2018,24374.449999999997,
CHANDPUR Total,2019,27444.35,12.594745727595914
CHANDPUR Total,2020,32095.25,16.946657508740426
CHANDPUR Total,2021,37196.5,15.894096478450859
CHANDPUR Total,2022,39307.92999999999,5.676421168658319
CHANDPUR Total,2023,27949.260000000002,-28.896637396067394
CHANDPUR Total,2024,14169.12,-49.3041318446356
CHAPAINAWABGANJ,2018,186.3,
CHAPAINAWABGANJ,2019,183.9,-1.2882447665056418
CHAPAINAWABGANJ,2020,193.37,5.1495377922784025
CHAPAINAWABGANJ,2021,231.36,19.64627398252057
CHAPAINAWABGANJ,2022,278.73,20.47458506224067
CHAPAINAWABGANJ,2023,205.61,-26.233272342410217
CHAPAINAWABGANJ,2024,98.79,-51.95272603472594
CHAPAINAWABGANJ Total,2018,8005.5,
CHAPAINAWABGANJ Total,2019,8749.33,9.291487102616959
CHAPAINAWABGANJ Total,2020,9998.779999999999,14.280522051402777
CHAPAINAWABGANJ Total,2021,11241.45,12.428216242381595
CHAPAINAWABGANJ Total,2022,12185.18,8.395091380560338
CHAPAINAWABGANJ Total,2023,8868.45,-27.21937632435466
CHAPAINAWABGANJ Total,2024,4384.69,-50.55855307297217
CHATTOGRAM,2018,1136.31,
CHATTOGRAM,2019,1317.58,15.952512958611642
CHATTOGRAM,2020,1455.46,10.464639718271386
CHATTOGRAM,2021,1783.5300000000002,22.540640072554385
CHATTOGRAM,2022,1737.2,-2.5976574545984787
CHATTOGRAM,2023,1251.9499999999998,-27.932880497352073
CHATTOGRAM,2024,620.1,-50.469267942010454
CHATTOGRAM Total,2018,456579.45000000007,
CHATTOGRAM Total,2019,489198.99,7.144329426127238
CHATTOGRAM Total,2020,539279.66,10.237279925700582
CHATTOGRAM Total,2021,599958.1799999999,11.251772410626405
CHATTOGRAM Total,2022,632206.85,5.375152981496156
CHATTOGRAM Total,2023,473349.19,-25.1274816146013
CHATTOGRAM Total,2024,240637.65,-49.16276290659756
CHUADANGA,2018,1191.53,
CHUADANGA,2019,1345.03,12.882596325732454
CHUADANGA,2020,1584.44,17.799602982833097
CHUADANGA,2021,1809.2200000000003,14.18671581126456
CHUADANGA,2022,1977.98,9.327776610915194
CHUADANGA,2023,1406.25,-28.904741200618812
CHUADANGA,2024,718.42,-48.91235555555555
CHUADANGA Total,2018,6079.08,
CHUADANGA Total,2019,6879.91,13.17353941714865
CHUADANGA Total,2020,8002.030000000001,16.31009707975832
CHUADANGA Total,2021,8808.4,10.0770679440092
CHUADANGA Total,2022,10113.5,14.816538758457831
CHUADANGA Total,2023,6899.16,-31.782666732585163
CHUADANGA Total,2024,3592.15,-47.933516544043044
COX'S BAZAR,2018,3934.75,
COX'S BAZAR,2019,4538.83,15.352436622402955
COX'S BAZAR,2020,5052.14,11.309302176992752
COX'S BAZAR,2021,5588.61,10.618668524625186
COX'S BAZAR,2022,5921.12,5.949779998962179
COX'S BAZAR,2023,4179.43,-29.41487421298673
COX'S BAZAR,2024,2134.21,-48.93538114049045
COX'S BAZAR Total,2018,23896.83,
COX'S BAZAR Total,2019,28467.350000000002,19.126051446991088
COX'S BAZAR Total,2020,32143.61,12.913952299739861
COX'S BAZAR Total,2021,35588.630000000005,10.717588970249459
COX'S BAZAR Total,2022,34322.92,-3.5565010510379524
COX'S BAZAR Total,2023,24415.3,-28.865900686771408
COX'S BAZAR Total,2024,12142.79,-50.26565309457594
CUMILLA,2018,270.26,
CUMILLA,2019,303.97,12.473173980611275
CUMILLA,2020,347.63,14.363259532190664
CUMILLA,2021,418.15,20.285936196530784
CUMILLA,2022,440.64,5.378452708358239
CUMILLA,2023,340.06,-22.8258896151053
CUMILLA,2024,174.35,-48.72963594659766
CUMILLA Total,2018,66490.5,
CUMILLA Total,2019,75331.18000000001,13.296155089824868
CUMILLA Total,2020,86949.26000000001,15.422670931213345
CUMILLA Total,2021,99383.5,14.300570240620791
CUMILLA Total,2022,106943.74,7.607138005805791
CUMILLA Total,2023,77952.62,-27.108758306002766
CUMILLA Total,2024,40044.18,-48.630103773292035
DHAKA,2018,9347.22,
DHAKA,2019,10228.7,9.430397487167319
DHAKA,2020,11077.98,8.302912393559293
DHAKA,2021,12834.91,15.859660335187463
DHAKA,2022,14281.439999999999,11.270277703544473
DHAKA,2023,10181.19,-28.710340133768007
DHAKA,2024,5335.39,-47.59561505089287
DHAKA Total,2018,1640890.22,
DHAKA Total,2019,1838615.3399999999,12.049868881539183
DHAKA Total,2020,2062548.6,12.179451303827381
DHAKA Total,2021,2298762.8499999996,11.452542257670896
DHAKA Total,2022,2460427.02,7.032659763054738
DHAKA Total,2023,1801399.98,-26.785067577415887
DHAKA Total,2024,914399.74,-49.23949427378144
DINAJPUR,2018,1166.3799999999999,
DINAJPUR,2019,1219.24,4.5319707128037345
DINAJPUR,2020,1391.77,14.150618418030891
DINAJPUR,2021,1576.7800000000002,13.29314470063303
DINAJPUR,2022,1520.4499999999998,-3.572470477809231
DINAJPUR,2023,1051.67,-30.831661679108148
DINAJPUR,2024,514.29,-51.097777820038615
DINAJPUR Total,2018,16902.120000000003,
DINAJPUR Total,2019,18793.730000000003,11.191554668881775
DINAJPUR Total,2020,20907.4,11.246676418145828
DINAJPUR Total,2021,23398.66,11.915685355424376
DINAJPUR Total,2022,25187.579999999994,7.645395078179673
DINAJPUR Total,2023,18121.36,-28.054382358289264
DINAJPUR Total,2024,9099.73,-49.78450844748959
FARIDPUR,2018,585.75,
FARIDPUR,2019,612.96,4.64532650448144
FARIDPUR,2020,677.3599999999999,10.506395197076458
FARIDPUR,2021,737.77,8.918448092594788
FARIDPUR,2022,826.39,12.011873619149593
FARIDPUR,2023,582.31,-29.535691380583017
FARIDPUR,2024,295.0,-49.33969878587007
FARIDPUR Total,2018,17431.480000000003,
FARIDPUR Total,2019,20214.5,15.965483137404268
FARIDPUR Total,2020,24063.22,19.039402409161752
FARIDPUR Total,2021,27122.35,12.712887136468009
FARIDPUR Total,2022,29255.92,7.866464373477955
FARIDPUR Total,2023,21075.510000000002,-27.96155444778354
FARIDPUR Total,2024,10798.98,-48.76052821497559
FENI,2018,3266.96,
FENI,2019,3634.67,11.255417880843343
FENI,2020,4282.07,17.811795843914304
FENI,2021,4889.18,14.17795598857563
FENI,2022,5291.02,8.218965143439183
FENI,2023,3913.33,-26.03826861361326
FENI,2024,2007.01,-48.71349975596231
FENI Total,2018,27123.59,
FENI Total,2019,30325.620000000003,11.805332553692205
FENI Total,2020,35431.97,16.838402644364734
FENI Total,2021,40008.4,12.916103733436213
FENI Total,2022,43352.39,8.358219773847498
FENI Total,2023,31525.54,-27.28073354202617
FENI Total,2024,16002.68,-49.238997967996745
GAIBANDAH,2018,166.66,
GAIBANDAH,2019,187.51000000000002,12.510500420016823
GAIBANDAH,2020,183.09,-2.357207615593848
GAIBANDAH,2021,238.22,30.110874433338797
GAIBANDAH,2022,269.64,13.189488707917052
GAIBANDAH,2023,195.16,-27.622014537902384
GAIBANDAH,2024,92.96,-52.36728837876614
GAIBANDAH Total,2018,6575.950000000001,
GAIBANDAH Total,2019,7536.5,14.607014956013952
GAIBANDAH Total,2020,8327.99,10.502089829496452
GAIBANDAH Total,2021,9246.310000000001,11.026910454983764
GAIBANDAH Total,2022,9906.050000000001,7.13517067889784
GAIBANDAH Total,2023,7178.48,-27.53438555226353
GAIBANDAH Total,2024,3728.56,-48.05919916193957
GAZIPUR,2018,2738.07,
GAZIPUR,2019,3023.24,10.415000346959701
GAZIPUR,2020,3452.6800000000003,14.204628147285714
GAZIPUR,2021,3290.01,-4.711412583847907
GAZIPUR,2022,3380.7299999999996,2.757438427238812
GAZIPUR,2023,2562.46,-24.203944118577926
GAZIPUR,2024,1298.75,-49.316282010255776
GAZIPUR Total,2018,57688.600000000006,
GAZIPUR Total,2019,64720.770000000004,12.189878069497272
GAZIPUR Total,2020,71979.97,11.21618299658671
GAZIPUR Total,2021,83342.61,15.785835976313955
GAZIPUR Total,2022,89941.55,7.9178465853181335
GAZIPUR Total,2023,62925.03,-30.037863479115046
GAZIPUR Total,2024,32293.5,-48.679404682047824
GOPALGANJ,2018,4535.09,
GOPALGANJ,2019,4977.8099999999995,9.762099539369661
GOPALGANJ,2020,5847.22,17.465712833555337
GOPALGANJ,2021,6310.75,7.927356932012142
GOPALGANJ,2022,6713.469999999999,6.381491898744196
GOPALGANJ,2023,4986.59,-25.722614385705146
GOPALGANJ,2024,2621.03,-47.43842986890841
GOPALGANJ Total,2018,8664.58,
GOPALGANJ Total,2019,9601.48,10.812988050199767
GOPALGANJ Total,2020,11084.970000000001,15.450638859842458
GOPALGANJ Total,2021,12129.92,9.426728263585726
GOPALGANJ Total,2022,13081.23,7.842673323484406
GOPALGANJ Total,2023,9700.71,-25.842523982836486
GOPALGANJ Total,2024,5048.37,-47.958757657944616
Grand Total,2018,3158222.0300000003,
Grand Total,2019,3513575.8899999997,11.251706074635903
Grand Total,2020,3955947.41,12.59035051040267
Grand Total,2021,4415123.96,11.607246062960176
Grand Total,2022,4738204.55,7.317588201985603
Grand Total,2023,3462267.1100000003,-26.928711636140733
Grand Total,2024,1762303.02,-49.0997382925779
HABIGANJ,2018,306.28,
HABIGANJ,2019,341.91,11.633146140786232
HABIGANJ,2020,393.92,15.21160539323214
HABIGANJ,2021,451.73,14.675568643379355
HABIGANJ,2022,505.19000000000005,11.834502911030942
HABIGANJ,2023,363.09000000000003,-28.12803103782735
HABIGANJ,2024,179.5,-50.56322123991297
HABIGANJ Total,2018,11946.03,
HABIGANJ Total,2019,13159.08,10.154419501708922
HABIGANJ Total,2020,15111.119999999999,14.834167738170144
HABIGANJ Total,2021,17857.36,18.1736363684492
HABIGANJ Total,2022,19772.83,10.726501565740975
HABIGANJ Total,2023,14992.9,-24.17423302582383
HABIGANJ Total,2024,7733.6,-48.418251305617986
JAMALPUR,2018,552.8399999999999,
JAMALPUR,2019,561.68,1.5990159901599021
JAMALPUR,2020,621.3199999999999,10.618145563310065
JAMALPUR,2021,695.88,12.00025751625573
JAMALPUR,2022,792.45,13.877392653905861
JAMALPUR,2023,624.85,-21.14959934380718
JAMALPUR,2024,326.57,-47.73625670160839
JAMALPUR Total,2018,10028.220000000001,
JAMALPUR Total,2019,10860.61,8.300476056568362
JAMALPUR Total,2020,12394.720000000001,14.125449675478642
JAMALPUR Total,2021,14247.23,14.945960860753594
JAMALPUR Total,2022,15681.689999999999,10.068343109502687
JAMALPUR Total,2023,12388.8,-20.998310768801066
JAMALPUR Total,2024,6458.25,-47.870253777605576
JASHORE,2018,2643.31,
JASHORE,2019,2777.25,5.06713174012885
JASHORE,2020,3384.6000000000004,21.868755063462064
JASHORE,2021,3675.88,8.606039118359622
JASHORE,2022,3752.81,2.0928321925633986
JASHORE,2023,2923.23,-22.105568893708984
JASHORE,2024,1934.53,-33.822176154459285
JASHORE Total,2018,26495.22,
JASHORE Total,2019,28891.909999999996,9.045744855109694
JASHORE Total,2020,33053.44,14.403789849823045
JASHORE Total,2021,36184.89,9.473900447275675
JASHORE Total,2022,37920.770000000004,4.797251007257453
JASHORE Total,2023,27330.22,-27.92809850643856
JASHORE Total,2024,14431.28,-47.19661971253799
JAYPURHAT,2018,518.02,
JAYPURHAT,2019,559.1,7.93019574533802
JAYPURHAT,2020,653.0,16.794848864246113
JAYPURHAT,2021,747.08,14.407350689127107
JAYPURHAT,2022,789.64,5.6968463886063025
JAYPURHAT,2023,565.05,-28.44207486956082
JAYPURHAT,2024,292.8,-48.181576851606046
JAYPURHAT Total,2018,4499.44,
JAYPURHAT Total,2019,4855.5,7.913429226748225
JAYPURHAT Total,2020,5584.24,15.008547008547012
JAYPURHAT Total,2021,6472.92,15.914072461069019
JAYPURHAT Total,2022,6622.78,2.315183873738591
JAYPURHAT Total,2023,4870.61,-26.456714551895132
JAYPURHAT Total,2024,2598.86,-46.64200172052371
JHALOKATHI,2018,2915.7,
JHALOKATHI,2019,3230.8900000000003,10.810097060740143
JHALOKATHI,2020,3742.9,15.847336182909345
JHALOKATHI,2021,4089.53,9.261000828234799
JHALOKATHI,2022,4340.900000000001,6.146672111465135
JHALOKATHI,2023,3301.9700000000003,-23.93351609113318
JHALOKATHI,2024,1780.83,-46.067650523778234
JHALOKATHI Total,2018,4653.4,
JHALOKATHI Total,2019,5102.05,9.641337516654502
JHALOKATHI Total,2020,5826.83,14.205662429807631
JHALOKATHI Total,2021,6391.46,9.690174588927425
JHALOKATHI Total,2022,7502.69,17.386168418483415
JHALOKATHI Total,2023,5196.610000000001,-30.736709100336
JHALOKATHI Total,2024,2744.59,-47.18499175423979
JHENAIDAH,2018,323.03,
JHENAIDAH,2019,332.38,2.894468006067563
JHENAIDAH,2020,381.21000000000004,14.691016306636984
JHENAIDAH,2021,416.71000000000004,9.312452454027964
JHENAIDAH,2022,446.6,7.172854023181596
JHENAIDAH,2023,327.25,-26.724137931034488
JHENAIDAH,2024,168.57,-48.488922841864024
JHENAIDAH Total,2018,9140.48,
JHENAIDAH Total,2019,10376.36,13.520952947766428
JHENAIDAH Total,2020,12050.36,16.132824998361663
JHENAIDAH Total,2021,12651.21,4.986158089882786
JHENAIDAH Total,2022,13699.44,8.285610625386841
JHENAIDAH Total,2023,9893.259999999998,-27.783471441168416
JHENAIDAH Total,2024,5123.96,-48.207567576309515
KHAGRACHARI,2018,190.78,
KHAGRACHARI,2019,197.11,3.317957857217735
KHAGRACHARI,2020,209.34,6.2046572979554515
KHAGRACHARI,2021,222.76,6.41062386548199
KHAGRACHARI,2022,237.60999999999996,6.666367390913974
KHAGRACHARI,2023,158.57,-33.264593241025196
KHAGRACHARI,2024,81.71,-48.4707069433058
KHAGRACHARI Total,2018,2360.3599999999997,
KHAGRACHARI Total,2019,2499.43,5.891897846091276
KHAGRACHARI Total,2020,2904.7700000000004,16.217297543840026
KHAGRACHARI Total,2021,3452.62,18.86035727441413
KHAGRACHARI Total,2022,3675.49,6.455097867706261
KHAGRACHARI Total,2023,2630.8,-28.423149022307225
KHAGRACHARI Total,2024,1317.77,-49.90991333434697
KHULNA,2018,586.4200000000001,
KHULNA,2019,634.65,8.224480747587037
KHULNA,2020,637.34,0.42385566847868983
KHULNA,2021,791.2,24.140960868610172
KHULNA,2022,910.0799999999999,15.025278058645085
KHULNA,2023,640.8399999999999,-29.584212376933895
KHULNA,2024,335.36,-47.66868485113288
KHULNA Total,2018,41603.509999999995,
KHULNA Total,2019,47295.92,13.682523421701687
KHULNA Total,2020,53017.7,12.09783000309541
KHULNA Total,2021,57612.979999999996,8.667445023077192
KHULNA Total,2022,63505.5,10.22776464609192
KHULNA Total,2023,45404.270000000004,-28.50340521687097
KHULNA Total,2024,22722.11,-49.95600634037284
KISHOREGANJ,2018,245.93,
KISHOREGANJ,2019,258.9,5.273858414996124
KISHOREGANJ,2020,294.33000000000004,13.68482039397454
KISHOREGANJ,2021,327.39,11.232290286413193
KISHOREGANJ,2022,372.35,13.732856837411056
KISHOREGANJ,2023,269.68,-27.573519538069025
KISHOREGANJ,2024,132.23,-50.967813705132016
KISHOREGANJ Total,2018,15215.29,
KISHOREGANJ Total,2019,17587.3,15.589646993254803
KISHOREGANJ Total,2020,20536.300000000003,16.767781296731176
KISHOREGANJ Total,2021,23427.54,14.078680190686722
KISHOREGANJ Total,2022,26512.359999999997,13.167494325055017
KISHOREGANJ Total,2023,19092.35,-27.986984183980603
KISHOREGANJ Total,2024,9776.35,-48.79441242172911
KURIGRAM,2018,462.87,
KURIGRAM,2019,506.09999999999997,9.339555382720842
KURIGRAM,2020,569.27,12.481722979648291
KURIGRAM,2021,698.74,22.743162295571516
KURIGRAM,2022,888.68,27.18321550218965
KURIGRAM,2023,637.45,-28.270018454336764
KURIGRAM,2024,320.92,-49.655659267393524
KURIGRAM Total,2018,4428.360000000001,
KURIGRAM Total,2019,5053.9400000000005,14.126674434779463
KURIGRAM Total,2020,5707.47,12.931099300743565
KURIGRAM Total,2021,6535.76,14.512384646787456
KURIGRAM Total,2022,7159.900000000001,9.549616264979143
KURIGRAM Total,2023,5169.91,-27.793544602578258
KURIGRAM Total,2024,2555.84,-50.56316260824656
KUSHTIA,2018,1174.29,
KUSHTIA,2019,1372.3799999999999,16.86891653680096
KUSHTIA,2020,1607.0500000000002,17.099491394511745
KUSHTIA,2021,2096.8,30.475094116548963
KUSHTIA,2022,2207.08,5.259442960701999
KUSHTIA,2023,1647.31,-25.362469869692085
KUSHTIA,2024,834.99,-49.311908505381496
KUSHTIA Total,2018,14800.9,
KUSHTIA Total,2019,16844.910000000003,13.810038578735107
KUSHTIA Total,2020,19594.14,16.320835195913762
KUSHTIA Total,2021,22374.26,14.188527794534478
KUSHTIA Total,2022,24295.52,8.586920863528015
KUSHTIA Total,2023,16963.95,-30.176633387554574
KUSHTIA Total,2024,8712.37,-48.64185522829294
LAKSHMIPUR,2018,1974.2800000000002,
LAKSHMIPUR,2019,2297.2400000000002,16.358368620459096
LAKSHMIPUR,2020,2841.1000000000004,23.674496352144313
LAKSHMIPUR,2021,3433.4399999999996,20.848966949420976
LAKSHMIPUR,2022,3822.8199999999997,11.340812712614756
LAKSHMIPUR,2023,2848.3900000000003,-25.489821649986123
LAKSHMIPUR,2024,1438.21,-49.507967658923114
LAKSHMIPUR Total,2018,16711.17,
LAKSHMIPUR Total,2019,18886.02,13.014349085073063
LAKSHMIPUR Total,2020,22191.36,17.501516995110666
LAKSHMIPUR Total,2021,24846.77,11.965963329872519
LAKSHMIPUR Total,2022,26431.71,6.378857292114826
LAKSHMIPUR Total,2023,18806.08,-28.850308966010896
LAKSHMIPUR Total,2024,9496.67,-49.50212909867447
LALMONIRHAT,2018,244.31,
LALMONIRHAT,2019,254.01000000000002,3.9703655192173892
LALMONIRHAT,2020,271.99,7.078461477894571
LALMONIRHAT,2021,312.41999999999996,14.864517077833717
LALMONIRHAT,2022,348.69,11.609371999231822
LALMONIRHAT,2023,251.98000000000002,-27.735237603602048
LALMONIRHAT,2024,116.83,-53.63520914358283
LALMONIRHAT Total,2018,2840.65,
LALMONIRHAT Total,2019,3107.3099999999995,9.387288120676573
LALMONIRHAT Total,2020,3519.0199999999995,13.249724037833378
LALMONIRHAT Total,2021,3979.6400000000003,13.089439673545499
LALMONIRHAT Total,2022,4491.400000000001,12.85945462403635
LALMONIRHAT Total,2023,3241.45,-27.8298526072049
LALMONIRHAT Total,2024,1640.64,-49.385614462663305
MADARIPUR,2018,914.1400000000001,
MADARIPUR,2019,1026.15,12.253046579298577
MADARIPUR,2020,1207.77,17.6991667884812
MADARIPUR,2021,1473.28,21.983490234067737
MADARIPUR,2022,1609.35,9.23585469157253
MADARIPUR,2023,1160.19,-27.90940441793269
MADARIPUR,2024,588.84,-49.246244149665145
MADARIPUR Total,2018,12544.09,
MADARIPUR Total,2019,14166.25,12.93166742266676
MADARIPUR Total,2020,17133.850000000002,20.94838083473045
MADARIPUR Total,2021,17503.190000000002,2.155615929869814
MADARIPUR Total,2022,19364.11,10.631890529669153
MADARIPUR Total,2023,14124.970000000001,-27.055929758713415
MADARIPUR Total,2024,7217.64,-48.901555189143764
MAGURA,2018,3128.94,
MAGURA,2019,3513.7300000000005,12.297774965323738
MAGURA,2020,4108.51,16.92731086338448
MAGURA,2021,4666.18,13.57353395756613
MAGURA,2022,4833.780000000001,3.591803145185146
MAGURA,2023,3580.65,-25.92443181112919
MAGURA,2024,1829.29,-48.91178975884267
MAGURA Total,2018,4670.42,
MAGURA Total,2019,5175.7,10.818727223675806
MAGURA Total,2020,5944.39,14.851904090267997
MAGURA Total,2021,6745.93,13.483973965369023
MAGURA Total,2022,7155.79,6.075663400005626
MAGURA Total,2023,5308.76,-25.811685362482685
MAGURA Total,2024,2707.27,-49.00372214980523
MANIKGANJ,2018,336.58000000000004,
MANIKGANJ,2019,371.28000000000003,10.309584645552317
MANIKGANJ,2020,420.61,13.286468433527254
MANIKGANJ,2021,462.94000000000005,10.063954732412462
MANIKGANJ,2022,538.75,16.375772238303
MANIKGANJ,2023,417.53,-22.500232018561494
MANIKGANJ,2024,210.24,-49.64673197135535
MANIKGANJ Total,2018,12812.79,
MANIKGANJ Total,2019,13964.32,8.98734779856689
MANIKGANJ Total,2020,15916.560000000001,13.98020096932755
MANIKGANJ Total,2021,17768.34,11.63429786335739
MANIKGANJ Total,2022,19461.1,9.52683255723381
MANIKGANJ Total,2023,14297.439999999999,-26.533238100621237
MANIKGANJ Total,2024,7263.75,-49.19545037433274
MEHERPUR,2018,843.37,
MEHERPUR,2019,930.1400000000001,10.288485480868426
MEHERPUR,2020,1105.43,18.84555013223814
MEHERPUR,2021,1244.3400000000001,12.56615072867573
MEHERPUR,2022,1751.45,40.753331083144474
MEHERPUR,2023,923.8,-47.2551314625025
MEHERPUR,2024,472.99,-48.79952370642996
MEHERPUR Total,2018,3020.0,
MEHERPUR Total,2019,3302.8,9.364238410596037
MEHERPUR Total,2020,3973.91,20.31942594162528
MEHERPUR Total,2021,4462.81,12.302744651992636
MEHERPUR Total,2022,5375.23,20.444966288056165
MEHERPUR Total,2023,3305.2799999999997,-38.50904984530894
MEHERPUR Total,2024,1686.17,-48.98556249394906
MOULVIBAZAR,2018,2743.9,
MOULVIBAZAR,2019,2975.92,8.4558475163089
MOULVIBAZAR,2020,3366.59,13.12770504583456
MOULVIBAZAR,2021,3721.23,10.534101271613117
MOULVIBAZAR,2022,4233.05,13.754054438989272
MOULVIBAZAR,2023,3029.0,-28.444029718524465
MOULVIBAZAR,2024,1535.17,-49.317596566523605
MOULVIBAZAR Total,2018,24105.28,
MOULVIBAZAR Total,2019,25851.87,7.245673976821676
MOULVIBAZAR Total,2020,29259.469999999994,13.181251491671574
MOULVIBAZAR Total,2021,32344.590000000004,10.544005069128094
MOULVIBAZAR Total,2022,35874.869999999995,10.914591899294424
MOULVIBAZAR Total,2023,26693.61,-25.59245510854812
MOULVIBAZAR Total,2024,13670.88,-48.78594540041606
MUNSHIGANJ,2018,1444.25,
MUNSHIGANJ,2019,1692.97,17.221395187813737
MUNSHIGANJ,2020,1874.88,10.745022061820354
MUNSHIGANJ,2021,2181.6800000000003,16.363713944359116
MUNSHIGANJ,2022,2494.83,14.35361739576837
MUNSHIGANJ,2023,1701.01,-31.818600866592107
MUNSHIGANJ,2024,857.08,-49.61346494141715
MUNSHIGANJ Total,2018,20678.37,
MUNSHIGANJ Total,2019,23234.54,12.361564281904247
MUNSHIGANJ Total,2020,26945.91,15.973503241295074
MUNSHIGANJ Total,2021,30842.67,14.461415480122941
MUNSHIGANJ Total,2022,33295.94,7.954142750935644
MUNSHIGANJ Total,2023,23640.59,-28.998580607725756
MUNSHIGANJ Total,2024,11807.11,-50.05577271971639
MYMENSINGH,2018,3066.9700000000003,
MYMENSINGH,2019,3423.57,11.627110796649465
MYMENSINGH,2020,3928.9100000000003,14.760615381020404
MYMENSINGH,2021,4574.39,16.428984120277622
MYMENSINGH,2022,5007.0,9.45721724645252
MYMENSINGH,2023,3486.8500000000004,-30.36049530657079
MYMENSINGH,2024,1840.53,-47.21510819220788
MYMENSINGH Total,2018,26676.62,
MYMENSINGH Total,2019,30072.16,12.728524078387737
MYMENSINGH Total,2020,33993.119999999995,13.038504716654863
MYMENSINGH Total,2021,37371.27,9.937746226295218
MYMENSINGH Total,2022,42735.19,14.3530578436323
MYMENSINGH Total,2023,31316.879999999997,-26.71875332717605
MYMENSINGH Total,2024,16134.45,-48.48002099826035
NAOGAON,2018,511.74,
NAOGAON,2019,600.1700000000001,17.280259506780805
NAOGAON,2020,695.28,15.847176633287209
NAOGAON,2021,796.7399999999999,14.59268208491542
NAOGAON,2022,861.48,8.125611868363602
NAOGAON,2023,614.69,-28.647211775084735
NAOGAON,2024,311.59,-49.30940799427355
NAOGAON Total,2018,13161.619999999999,
NAOGAON Total,2019,14866.310000000001,12.95197703626152
NAOGAON Total,2020,16966.82,14.129330008589891
NAOGAON Total,2021,18478.510000000002,8.909683723879924
NAOGAON Total,2022,20056.71,8.540731909661536
NAOGAON Total,2023,14328.88,-28.558173299608956
NAOGAON Total,2024,7340.03,-48.77457275097565
NARAIL,2018,784.26,
NARAIL,2019,877.3,11.863412643766091
NARAIL,2020,972.07,10.802462099623856
NARAIL,2021,1102.19,13.385867272933027
NARAIL,2022,1239.28,12.437964416298453
NARAIL,2023,925.51,-25.318733458136975
NARAIL,2024,474.01,-48.783913734049335
NARAIL Total,2018,4201.97,
NARAIL Total,2019,4897.13,16.543668802966227
NARAIL Total,2020,5757.26,17.56396093221948
NARAIL Total,2021,6418.46,11.484629841278672
NARAIL Total,2022,6922.82,7.8579596974975185
NARAIL Total,2023,5115.88,-26.10121308946354
NARAIL Total,2024,2645.19,-48.29452606394208
NARAYANGANJ,2018,3140.2999999999997,
NARAYANGANJ,2019,3682.29,17.259179059325547
NARAYANGANJ,2020,3933.58,6.824285974217137
NARAYANGANJ,2021,4616.09,17.35086104769701
NARAYANGANJ,2022,5156.32,11.703194695077435
NARAYANGANJ,2023,3831.9700000000003,-25.68401495640301
NARAYANGANJ,2024,2025.93,-47.13084914547869
NARAYANGANJ Total,2018,63605.770000000004,
NARAYANGANJ Total,2019,71090.64,11.767595927224829
NARAYANGANJ Total,2020,79306.86,11.557386457626496
NARAYANGANJ Total,2021,87714.3,10.601151022748855
NARAYANGANJ Total,2022,96970.59,10.55277189694268
NARAYANGANJ Total,2023,69326.93,-28.507261840935485
NARAYANGANJ Total,2024,35985.11,-48.09360518344026
NARSHINGDI,2018,640.38,
NARSHINGDI,2019,680.46,6.258783847090799
NARSHINGDI,2020,788.75,15.914234488434298
NARSHINGDI,2021,861.22,9.187955625990485
NARSHINGDI,2022,981.5899999999999,13.976684238638203
NARSHINGDI,2023,776.06,-20.93847736835135
NARSHINGDI,2024,400.29,-48.42022524031646
NARSHINGDI Total,2018,26726.81,
NARSHINGDI Total,2019,29973.43,12.147427994586701
NARSHINGDI Total,2020,35204.770000000004,17.453257768630426
NARSHINGDI Total,2021,38796.3,10.201827763680882
NARSHINGDI Total,2022,41220.43,6.248353580109445
NARSHINGDI Total,2023,29482.239999999998,-28.47663161204287
NARSHINGDI Total,2024,15629.15,-46.98791543654755
NATORE,2018,600.0799999999999,
NATORE,2019,742.8299999999999,23.78849486735102
NATORE,2020,808.59,8.852631153830636
NATORE,2021,918.6700000000001,13.613821590670195
NATORE,2022,928.71,1.0928842783589188
NATORE,2023,754.8,-18.725974739154317
NATORE,2024,418.94,-44.49655537890832
NATORE Total,2018,7885.459999999999,
NATORE Total,2019,8958.93,13.61328318195769
NATORE Total,2020,10408.69,16.182289626104907
NATORE Total,2021,11524.87,10.723539657728299
NATORE Total,2022,12226.970000000001,6.0920426868155575
NATORE Total,2023,9102.89,-25.550729248538286
NATORE Total,2024,4698.52,-48.384304325329644
NETROKONA,2018,169.55,
NETROKONA,2019,194.28,14.58566794455911
NETROKONA,2020,219.54,13.001852995676334
NETROKONA,2021,257.68999999999994,17.37724332695634
NETROKONA,2022,299.75,16.321937211378046
NETROKONA,2023,215.88,-27.979983319432865
NETROKONA,2024,107.04,-50.416898276820454
NETROKONA Total,2018,5297.3099999999995,
NETROKONA Total,2019,6137.870000000001,15.867676235674356
NETROKONA Total,2020,7238.299999999999,17.928532210685443
NETROKONA Total,2021,8243.33,13.8848900985038
NETROKONA Total,2022,9575.95,16.166039695123224
NETROKONA Total,2023,7132.610000000001,-25.51537967512362
NETROKONA Total,2024,3573.83,-49.894498647760074
NILPHAMARI,2018,308.47,
NILPHAMARI,2019,341.67,10.7627970305054
NILPHAMARI,2020,376.82,10.287704510199891
NILPHAMARI,2021,458.94000000000005,21.792898466111165
NILPHAMARI,2022,470.51,2.5210267137316222
NILPHAMARI,2023,333.26,-29.17047459140082
NILPHAMARI,2024,162.98,-51.09524095300966
NILPHAMARI Total,2018,6947.38,
NILPHAMARI Total,2019,7611.34,9.556984071693208
NILPHAMARI Total,2020,8461.43,11.168729816300417
NILPHAMARI Total,2021,9584.89,13.277424737898901
NILPHAMARI Total,2022,10355.650000000001,8.041406839306475
NILPHAMARI Total,2023,7240.98,-30.077011100220663
NILPHAMARI Total,2024,3804.53,-47.458355084532755
NOAKHALI,2018,9427.759999999998,
NOAKHALI,2019,10387.91,10.184285556696416
NOAKHALI,2020,11889.26,14.452859141059182
NOAKHALI,2021,13275.62,11.6606079772837
NOAKHALI,2022,13964.120000000003,5.186198460034275
NOAKHALI,2023,9946.39,-28.77180946597424
NOAKHALI,2024,5073.81,-48.98842695691602
NOAKHALI Total,2018,33519.71,
NOAKHALI Total,2019,37452.68,11.733305568574437
NOAKHALI Total,2020,43680.14,16.62754174067116
NOAKHALI Total,2021,49430.69,13.165136375478648
NOAKHALI Total,2022,52843.31,6.903848600940021
NOAKHALI Total,2023,38154.83,-27.79629058058626
NOAKHALI Total,2024,19449.37,-49.02514308149192
PABNA,2018,187.12,
PABNA,2019,205.26,9.69431380932022
PABNA,2020,235.42000000000002,14.693559388093158
PABNA,2021,281.77,19.688216804009826
PABNA,2022,335.09999999999997,18.926784256663232
PABNA,2023,260.09000000000003,-22.384362876753194
PABNA,2024,135.96,-47.725787227498174
PABNA Total,2018,18709.84,
PABNA Total,2019,20761.8,10.967277111936813
PABNA Total,2020,23909.61,15.161546686703463
PABNA Total,2021,26640.67,11.422436417825299
PABNA Total,2022,30622.879999999997,14.947859794817475
PABNA Total,2023,21455.47,-29.93647233702381
PABNA Total,2024,10798.04,-49.67232132411921
PANCHAGARH,2018,279.88,
PANCHAGARH,2019,297.93,6.449192511076185
PANCHAGARH,2020,331.39,11.23082603296075
PANCHAGARH,2021,335.95,1.3760222094812757
PANCHAGARH,2022,402.82,19.904747730317006
PANCHAGARH,2023,291.51,-27.632689538751798
PANCHAGARH,2024,146.55,-49.72728208294741
PANCHAGARH Total,2018,2612.84,
PANCHAGARH Total,2019,2887.8199999999997,10.524180585110443
PANCHAGARH Total,2020,3367.7199999999993,16.618071763475562
PANCHAGARH Total,2021,3739.0599999999995,11.026451130141467
PANCHAGARH Total,2022,4173.55,11.620300289377571
PANCHAGARH Total,2023,3156.1800000000003,-24.376609840543416
PANCHAGARH Total,2024,1634.5,-48.212712836403504
PATUAKHALI,2018,1243.85,
PATUAKHALI,2019,1434.0900000000001,15.294448687542728
PATUAKHALI,2020,1575.5,9.86060846948238
PATUAKHALI,2021,1818.2600000000002,15.40844176451921
PATUAKHALI,2022,1993.0,9.610286757669417
PATUAKHALI,2023,1416.1399999999999,-28.944305067737087
PATUAKHALI,2024,723.49,-48.91112460632423
PATUAKHALI Total,2018,8655.21,
PATUAKHALI Total,2019,9716.19,12.258281428180261
PATUAKHALI Total,2020,10780.35,10.952441234681487
PATUAKHALI Total,2021,11942.07,10.776273497613698
PATUAKHALI Total,2022,13093.77,9.64405668364028
PATUAKHALI Total,2023,9557.41,-27.007958746793324
PATUAKHALI Total,2024,5015.06,-47.52699737690441
PIROJPUR,2018,1363.31,
PIROJPUR,2019,1468.56,7.7201810299931894
PIROJPUR,2020,1632.8600000000001,11.187830255488374
PIROJPUR,2021,1866.5700000000002,14.312923336967032
PIROJPUR,2022,1973.5700000000002,5.732439715628135
PIROJPUR,2023,1453.98,-26.327416813186268
PIROJPUR,2024,732.39,-49.62860562043494
PIROJPUR Total,2018,8414.17,
PIROJPUR Total,2019,9294.58,10.463420634477316
PIROJPUR Total,2020,10514.67,13.126897611296041
PIROJPUR Total,2021,11643.27,10.733575090801706
PIROJPUR Total,2022,12654.35,8.683814770249242
PIROJPUR Total,2023,8975.05,-29.075377241818035
PIROJPUR Total,2024,4605.2,-48.68886524309056
RAJBARI,2018,509.04,
RAJBARI,2019,566.04,11.197548326261186
RAJBARI,2020,672.75,18.85202459190165
RAJBARI,2021,745.74,10.84949832775919
RAJBARI,2022,779.33,4.5042508112747015
RAJBARI,2023,525.73,-32.540772201763055
RAJBARI,2024,269.89,-48.66376276796075
RAJBARI Total,2018,5636.21,
RAJBARI Total,2019,6428.34,14.054302447921563
RAJBARI Total,2020,7739.560000000001,20.39748986519072
RAJBARI Total,2021,8730.310000000001,12.801115308880595
RAJBARI Total,2022,9523.43,9.084671678325273
RAJBARI Total,2023,6954.29,-26.97704503524466
RAJBARI Total,2024,3576.78,-48.56728724283859
RAJSHAHI,2018,136.59,
RAJSHAHI,2019,133.29000000000002,-2.4159894575005336
RAJSHAHI,2020,165.23,23.96278790606945
RAJSHAHI,2021,180.85,9.453489075833698
RAJSHAHI,2022,213.73,18.180812828310742
RAJSHAHI,2023,139.53,-34.71669863846909
RAJSHAHI,2024,73.89,-47.04364652762847
RAJSHAHI Total,2018,28289.13,
RAJSHAHI Total,2019,31992.879999999997,13.09248463985988
RAJSHAHI Total,2020,36090.78,12.808787455208792
RAJSHAHI Total,2021,40050.69,10.972082066389266
RAJSHAHI Total,2022,45277.61,13.050761422587232
RAJSHAHI Total,2023,32520.7,-28.17487495475136
RAJSHAHI Total,2024,16145.27,-50.35386692168373
RANGAMATI,2018,141.91,
RANGAMATI,2019,176.94,24.684659291099997
RANGAMATI,2020,188.04000000000002,6.273312987453394
RANGAMATI,2021,187.88,-0.0850882790895735
RANGAMATI,2022,205.65,9.458164786033652
RANGAMATI,2023,152.22,-25.98103574033552
RANGAMATI,2024,76.49,-49.750361319143344
RANGAMATI Total,2018,4072.01,
RANGAMATI Total,2019,4515.79,10.898303294932955
RANGAMATI Total,2020,5041.84,11.649124516419063
RANGAMATI Total,2021,5306.69,5.253042540025055
RANGAMATI Total,2022,5666.97,6.789166128038393
RANGAMATI Total,2023,4080.0699999999997,-28.002618683352843
RANGAMATI Total,2024,2063.52,-49.42439713044139
RANGPUR,2018,529.41,
RANGPUR,2019,613.04,15.796830433879228
RANGPUR,2020,684.94,11.728435338640232
RANGPUR,2021,722.4,5.469092183256907
RANGPUR,2022,790.9300000000001,9.486434108527142
RANGPUR,2023,585.3,-25.998508085418447
RANGPUR,2024,274.71,-53.06509482316761
RANGPUR Total,2018,16081.41,
RANGPUR Total,2019,18170.489999999998,12.990651939102339
RANGPUR Total,2020,20915.78,15.108508356131289
RANGPUR Total,2021,23351.23,11.644079254993134
RANGPUR Total,2022,25153.24,7.716981075515084
RANGPUR Total,2023,18113.01,-27.989356440760726
RANGPUR Total,2024,9101.17,-49.75340928978673
SATKHIRA,2018,644.02,
SATKHIRA,2019,675.5699999999999,4.898916182727242
SATKHIRA,2020,703.79,4.1772133161626535
SATKHIRA,2021,732.28,4.048082524616725
SATKHIRA,2022,811.3100000000001,10.792319877642441
SATKHIRA,2023,587.99,-27.52585324968262
SATKHIRA,2024,300.85,-48.83416384632392
SATKHIRA Total,2018,13043.43,
SATKHIRA Total,2019,14439.52,10.703396269232869
SATKHIRA Total,2020,16071.16,11.29982160071803
SATKHIRA Total,2021,17264.78,7.427093003865304
SATKHIRA Total,2022,18763.41,8.680272786563181
SATKHIRA Total,2023,13307.4,-29.07792346913488
SATKHIRA Total,2024,6893.52,-48.19784480815185
SHARIATPUR,2018,1076.21,
SHARIATPUR,2019,1284.9,19.391196885366234
SHARIATPUR,2020,1563.3400000000001,21.670168884738118
SHARIATPUR,2021,1768.57,13.127662568603093
SHARIATPUR,2022,1987.1399999999999,12.358572179783668
SHARIATPUR,2023,1492.6,-24.887023561500442
SHARIATPUR,2024,768.28,-48.527401849122334
SHARIATPUR Total,2018,9488.7,
SHARIATPUR Total,2019,11084.42,16.8170560772287
SHARIATPUR Total,2020,12897.61,16.358005200091675
SHARIATPUR Total,2021,14846.169999999998,15.107915342454902
SHARIATPUR Total,2022,16357.25,10.178247992579914
SHARIATPUR Total,2023,12316.08,-24.705680967155242
SHARIATPUR Total,2024,6360.87,-48.35312859286396
SHERPUR,2018,193.39,
SHERPUR,2019,216.22,11.80516055638865
SHERPUR,2020,262.35,21.33475164184628
SHERPUR,2021,310.87,18.494377739660738
SHERPUR,2022,340.82,9.634252259787047
SHERPUR,2023,239.27,-29.795786632239885
SHERPUR,2024,116.7,-51.22664772014879
SHERPUR Total,2018,3957.45,
SHERPUR Total,2019,4513.57,14.0524832910081
SHERPUR Total,2020,5265.8,16.665965078640642
SHERPUR Total,2021,5969.47,13.363021763074933
SHERPUR Total,2022,6632.26,11.102995743340704
SHERPUR Total,2023,4906.18,-26.025517696833354
SHERPUR Total,2024,2358.61,-51.92573448181681
SIRAJGANJ,2018,2105.46,
SIRAJGANJ,2019,2417.33,14.812440036856556
SIRAJGANJ,2020,2664.8599999999997,10.239810038348086
SIRAJGANJ,2021,2996.8599999999997,12.458440593502097
SIRAJGANJ,2022,3197.9300000000003,6.709355792396066
SIRAJGANJ,2023,2188.7,-31.558852132473202
SIRAJGANJ,2024,1137.91,-48.00977749348928
SIRAJGANJ Total,2018,17894.160000000003,
SIRAJGANJ Total,2019,20308.54,13.492558466002302
SIRAJGANJ Total,2020,22885.84,12.69072025857103
SIRAJGANJ Total,2021,24901.1,8.805706934943181
SIRAJGANJ Total,2022,26927.5,8.137793109541347
SIRAJGANJ Total,2023,19511.15,-27.54191811345278
SIRAJGANJ Total,2024,10041.18,-48.53619596999664
SUNAMGANJ,2018,119.46,
SUNAMGANJ,2019,130.45,9.199732127908922
SUNAMGANJ,2020,156.11,19.67037178995785
SUNAMGANJ,2021,170.16000000000003,9.000064057395441
SUNAMGANJ,2022,224.86,32.14621532675128
SUNAMGANJ,2023,139.75,-37.850217913368326
SUNAMGANJ,2024,71.24,-49.02325581395349
SUNAMGANJ Total,2018,9783.61,
SUNAMGANJ Total,2019,10587.44,8.216087926644654
SUNAMGANJ Total,2020,12042.6,13.744210120671285
SUNAMGANJ Total,2021,13561.990000000002,12.616793715642816
SUNAMGANJ Total,2022,15633.85,15.2769615668497
SUNAMGANJ Total,2023,11304.93,-27.689404721165932
SUNAMGANJ Total,2024,5925.2,-47.58746847614271
SYLHET,2018,1219.69,
SYLHET,2019,1311.18,7.501086341611396
SYLHET,2020,1392.95,6.236367241721186
SYLHET,2021,1552.54,11.456979791090838
SYLHET,2022,1630.19,5.00148144331225
SYLHET,2023,1198.22,-26.49813825382318
SYLHET,2024,608.79,-49.19213500025038
SYLHET Total,2018,80286.20999999999,
SYLHET Total,2019,84642.97,5.426535889538209
SYLHET Total,2020,93411.62999999999,10.35958449945693
SYLHET Total,2021,105830.26000000001,13.294522320186486
SYLHET Total,2022,112841.65000000001,6.625127822609533
SYLHET Total,2023,84195.92,-25.385777326013937
SYLHET Total,2024,42666.84,-49.32433780639253
TANGAIL,2018,841.53,
TANGAIL,2019,984.02,16.932254346250275
TANGAIL,2020,1159.1000000000001,17.792321294282655
TANGAIL,2021,1418.06,22.341471831593452
TANGAIL,2022,1594.2200000000003,12.422605531500807
TANGAIL,2023,1192.67,-25.187866166526586
TANGAIL,2024,615.57,-48.387232008854085
TANGAIL Total,2018,30182.47,
TANGAIL Total,2019,33075.38,9.584735775435194
TANGAIL Total,2020,38205.13,15.509270037109179
TANGAIL Total,2021,43587.83,14.088945646828076
TANGAIL Total,2022,48160.2,10.490015217550397
TANGAIL Total,2023,35457.86,-26.375181166191165
TANGAIL Total,2024,18403.17,-48.09847520408733
THAKURGAON,2018,235.27999999999997,
THAKURGAON,2019,242.07,2.885923155389336
THAKURGAON,2020,289.27,19.498492171685868
THAKURGAON,2021,326.34,12.81501711204065
THAKURGAON,2022,340.01,4.18888276031133
THAKURGAON,2023,257.6,-24.237522425810997
THAKURGAON,2024,131.29,-49.033385093167716
THAKURGAON Total,2018,4462.04,
THAKURGAON Total,2019,5120.35,14.753565633656374
THAKURGAON Total,2020,5839.9800000000005,14.05431269346822
THAKURGAON Total,2021,6664.51,14.118712735317573
THAKURGAON Total,2022,7149.91,7.283356165719601
THAKURGAON Total,2023,5306.16,-25.78703787879848
THAKURGAON Total,2024,2753.38,-48.10974414642604
nan,2018,3059532.8600000027,
nan,2019,3403767.460000002,11.25121434387859
nan,2020,3830831.030000003,12.546790432035015
nan,2021,4273948.830000009,11.567145523513368
nan,2022,4585798.079999986,7.296513421289053
nan,2023,3352019.1799999992,-26.90434420522917
nan,2024,1705230.2400000014,-49.12826721952105
